"Ticker","Entry_Date","Entry_Type","Entry_Price","Dakota_Log_Forecast","Dakota_Target_Return","Dakota_Target_Price","July_Max_High","Target_Reached","Exit_Type","Previous_Close","Exit_Date","Exit_Price","July_Close","July_Buy_Hold_Return","Realized_Return","Weight"
"BAX",2026-07-01,"JULY 1 OPEN",21.3999996185303,16.07,17.4332616178765,25.1307175382532,30,"YES","OVERNIGHT GAP",24.7700004577637,2026-07-30,29.0699996948242,26.1599998474121,22.2429921202435,35.8411224907335,2.94117647058824
"WDAY",2026-07-01,"JULY 1 OPEN",128.759994506836,17.67,19.3273057507229,153.645832329786,170.399993896484,"YES","TARGET",147.539993286133,2026-07-28,153.645832329786,160.339996337891,24.5262528567272,19.3273057507229,2.94117647058824
"AAPL",2026-07-01,"JULY 1 OPEN",293.440002441406,14.79,15.9396950870709,340.21344409406,344.570007324219,"YES","TARGET",336.910003662109,2026-07-28,340.21344409406,308.910003662109,5.27194693702069,15.9396950870709,2.94117647058824
"TMO",2026-07-01,"JULY 1 OPEN",504.779998779297,14.62,15.7427650433873,584.246327973135,588.559997558594,"YES","TARGET",526.460021972656,2026-07-23,584.246327973135,574.299987792969,13.7723343202566,15.7427650433873,2.94117647058824
"HOOD",2026-07-01,"JULY 1 OPEN",100.669998168945,13.46,14.407906118831,115.174436994956,120.050003051758,"YES","TARGET",108.650001525879,2026-07-02,115.174436994956,86.5599975585938,-14.0160930436018,14.407906118831,2.94117647058824
"AMZN",2026-07-01,"JULY 1 OPEN",239.75,14.78,15.9281016972413,277.937623819136,273.230010986328,"NO","MONTH END",NA,2026-07-31,271.579986572266,271.579986572266,13.2763239091827,13.2763239091827,2.94117647058824
"REGN",2026-07-01,"JULY 1 OPEN",629.900024414062,12.1,12.8624912367344,710.920859854509,764.75,"YES","TARGET",695.419982910156,2026-07-30,710.920859854509,762.630004882812,21.0715947490582,12.8624912367344,2.94117647058824
"META",2026-07-01,"JULY 1 OPEN",607.909973144531,11.9,12.6369918288353,684.73150677748,686.080017089844,"YES","TARGET",661.039978027344,2026-07-15,684.73150677748,556.710021972656,-8.42229169346136,12.6369918288353,2.94117647058824
"ADBE",2026-07-01,"JULY 1 OPEN",209.429992675781,11.78,12.5019085048451,235.612738741811,266.279998779297,"YES","TARGET",235.309997558594,2026-07-17,235.612738741811,250.410003662109,19.5674031511663,12.5019085048451,2.94117647058824
"SIG",2026-07-01,"JULY 1 OPEN",84.9899978637695,10.25,10.7937301909805,94.1635889225049,100.410003662109,"YES","TARGET",91.2900009155273,2026-07-27,94.1635889225049,92.9000015258789,9.30698183424867,10.7937301909805,2.94117647058824
"BKNG",2026-07-01,"JULY 1 OPEN",179.880004882812,10.19,10.7272738917493,199.176225683084,204.610000610352,"YES","TARGET",186.789993286133,2026-07-28,199.176225683084,192.899993896484,7.23815246844923,10.7272738917493,2.94117647058824
"CMG",2026-07-01,"JULY 1 OPEN",33.9599990844727,16.35,17.7625355187422,39.9921559840166,39.0900001525879,"NO","MONTH END",NA,2026-07-31,37.2200012207031,37.2200012207031,9.59953540670448,9.59953540670448,2.94117647058824
"MELI",2026-07-01,"JULY 1 OPEN",1715,14.67,15.8006508961662,1985.98116286925,1905.48999023438,"NO","MONTH END",NA,2026-07-31,1877.94995117188,1877.94995117188,9.50145487882652,9.50145487882652,2.94117647058824
"FI",2026-07-01,"JULY 1 OPEN",50.0800018310547,15.66,16.9527709242524,58.5699498203348,56,"NO","MONTH END",NA,2026-07-31,53.939998626709,53.939998626709,7.70766105136342,7.70766105136342,2.94117647058824
"JPM",2026-07-01,"JULY 1 OPEN",328.369995117188,14.31,15.3845180415018,378.88813625887,359.299987792969,"NO","MONTH END",NA,2026-07-31,351.790008544922,351.790008544922,7.13220262995597,7.13220262995597,2.94117647058824
"EL",2026-07-01,"JULY 1 OPEN",79.4300003051758,11.57,12.2659023901376,89.1728066110946,87.2300033569336,"NO","MONTH END",NA,2026-07-31,83.9000015258789,83.9000015258789,5.62759814116713,5.62759814116713,2.94117647058824
"FTNT",2026-07-01,"JULY 1 OPEN",154.740005493164,14.31,15.3845180415018,178.546009555681,170.350006103516,"NO","MONTH END",NA,2026-07-31,161.949996948242,161.949996948242,4.65942303161972,4.65942303161972,2.94117647058824
"BAP",2026-07-01,"JULY 1 OPEN",386.470001220703,10.37,10.9267624706135,428.698660274267,413.25,"NO","MONTH END",NA,2026-07-31,400.579986572266,400.579986572266,3.6509911007309,3.6509911007309,2.94117647058824
"NVDA",2026-07-01,"JULY 1 OPEN",196.199996948242,10.75,11.3490860746536,218.466903480366,214.389999389648,"NO","MONTH END",NA,2026-07-31,200.75,200.75,2.31906377295108,2.31906377295108,2.94117647058824
"BRK.B",2026-07-01,"JULY 1 OPEN",501.829986572266,13.58,14.5452780128253,574.822553270926,513.440002441406,"NO","MONTH END",NA,2026-07-31,511.540008544922,511.540008544922,1.93492262966992,1.93492262966992,2.94117647058824
"SIE-ETR",2026-07-01,"JULY 1 OPEN",280,15.63,16.9176903553235,327.369532994906,287,"NO","MONTH END",NA,2026-07-31,282.649993896484,282.649993896484,0.946426391601562,0.946426391601562,2.94117647058824
"GOOG",2026-07-01,"JULY 1 OPEN",354.614990234375,13.28,14.2021571174705,404.977968309564,374.350006103516,"NO","MONTH END",NA,2026-07-31,356.649993896484,356.649993896484,0.573862842279849,0.573862842279849,2.94117647058824
"SHOP",2026-07-01,"JULY 1 OPEN",117.324996948242,15.65,16.9410762319043,137.201114120323,133.990005493164,"NO","MONTH END",NA,2026-07-31,117.150001525879,117.150001525879,-0.149154423111109,-0.149154423111109,2.94117647058824
"HEI",2026-07-01,"JULY 1 OPEN",358.600006103516,13.17,14.0766038116195,409.078708231151,369.480010986328,"NO","MONTH END",NA,2026-07-31,356.359985351562,356.359985351562,-0.624657198501699,-0.624657198501699,2.94117647058824
"SHW",2026-07-01,"JULY 1 OPEN",344.040008544922,12.37,13.1676317173496,389.341929830455,357.269989013672,"NO","MONTH END",NA,2026-07-31,340.850006103516,340.850006103516,-0.927218451975398,-0.927218451975398,2.94117647058824
"AXP",2026-07-01,"JULY 1 OPEN",341.529998779297,13.18,14.0880120424027,389.644786135742,363.140014648438,"NO","MONTH END",NA,2026-07-31,336.25,336.25,-1.54598389546123,-1.54598389546123,2.94117647058824
"2330-TAI",2026-07-01,"JULY 1 OPEN",2495,15.14,16.3461949797192,2902.83756474399,2505,"NO","MONTH END",NA,2026-07-31,2425,2425,-2.80561122244489,-2.80561122244489,2.94117647058824
"GE",2026-07-01,"JULY 1 OPEN",375.029998779297,14.78,15.9281016972413,434.765158380026,382.970001220703,"NO","MONTH END",NA,2026-07-31,360.070007324219,360.070007324219,-3.98901194671683,-3.98901194671683,2.94117647058824
"HD",2026-07-01,"JULY 1 OPEN",353.980010986328,16.08,17.4450055312242,415.731843482321,358.850006103516,"NO","MONTH END",NA,2026-07-31,331.959991455078,331.959991455078,-6.2206957590327,-6.2206957590327,2.94117647058824
"HROW",2026-07-01,"JULY 1 OPEN",43.3800010681152,19.09,21.0338412188187,52.5044816135044,47.5,"NO","MONTH END",NA,2026-07-31,38.7700004577637,38.7700004577637,-10.6270182038791,-10.6270182038791,2.94117647058824
"IBM",2026-07-01,"JULY 1 OPEN",279.660003662109,14.07,15.1079272399277,321.91083353456,311.799987792969,"NO","MONTH END",NA,2026-07-31,223.649993896484,223.649993896484,-20.0278942402137,-20.0278942402137,2.94117647058824
"CAT",2026-07-01,"JULY 1 OPEN",1033.92004394531,15.95,17.2924262220728,1212.70990473978,1041.26000976562,"NO","MONTH END",NA,2026-07-31,814.809997558594,814.809997558594,-21.1921654551373,-21.1921654551373,2.94117647058824
"005930-KRX",2026-07-01,"JULY 1 OPEN",334500,17.2,18.7677833213906,397278.235210052,339000,"NO","MONTH END",NA,2026-07-31,262500,262500,-21.52466367713,-21.52466367713,2.94117647058824
"AMAT",2026-07-01,"JULY 1 OPEN",668.409973144531,14.31,15.3845180415018,771.241626054149,693.780029296875,"NO","MONTH END",NA,2026-07-31,507.670013427734,507.670013427734,-24.0481091209032,-24.0481091209032,2.94117647058824
