"Ticker","Entry_Date","Entry_Price","Dakota_Log_Forecast","Dakota_Target_Return","Dakota_Target_Price","September_Max_High","Difference_High_vs_Target","Percent_High_vs_Target","Target_Reached","Exit_Type","Previous_Close","Exit_Date","Exit_Price","Realized_Return"
"005930-KRX",2026-09-01,256500,0.329,38.9577855587611,356426.719958222,285500,-70926.7199582221,-19.8993835160663,FALSE,"MONTH END",NA,2026-09-30,268500,4.67836257309941
"EL",2026-09-01,101.319999694824,0.1617,17.5507536157023,119.102423204693,104.73999786377,-14.3624253409236,-12.0588859189203,FALSE,"MONTH END",NA,2026-09-30,92.7699966430664,-8.43861338088276
"MCD",2026-09-01,262.75,0.1549,16.754120114711,306.771450601403,264.5,-42.2714506014031,-13.7794604154112,FALSE,"MONTH END",NA,2026-09-30,230.940002441406,-12.1065642468482
"FTNT",2026-09-01,167.419998168945,0.1458,15.6964771955567,193.699040002335,181.369995117188,-12.3290448851477,-6.36505213706743,FALSE,"MONTH END",NA,2026-09-30,178.759994506836,6.77338218965176
"MELI",2026-09-01,1900,0.1412,15.1654955944369,2188.1444162943,2066,-122.144416294302,-5.58210031224344,FALSE,"MONTH END",NA,2026-09-30,1728.53002929688,-9.02473530016448
"JPM",2026-09-01,355.730010986328,0.1351,14.4651243752624,407.186799515635,362.859985351562,-44.3268141640727,-10.8861127661312,FALSE,"MONTH END",NA,2026-09-30,330.829986572266,-6.99969742362263
"IBM",2026-09-01,231,0.118,12.5244111367342,259.931389725856,251.820007324219,-8.11138240163734,-3.12058594007912,FALSE,"MONTH END",NA,2026-09-30,219.929992675781,-4.79221096286526
"HD",2026-09-01,326.010009765625,0.1153,12.2210050092563,365.851709389759,326.829986572266,-39.0217228174935,-10.6659943949918,FALSE,"MONTH END",NA,2026-09-30,284.489990234375,-12.7358112596296
"AAPL",2026-09-01,316.980010986328,0.1139,12.0640055275238,355.220497032864,345.339996337891,-9.88050069497382,-2.78151198410707,FALSE,"MONTH END",NA,2026-09-30,333.019989013672,5.06024906032185
"HON",2026-09-01,213.169998168945,0.1052,11.093277469347,236.817537547228,214,-22.8175375472283,-9.63507085816133,FALSE,"MONTH END",NA,2026-09-30,210.940002441406,-1.04611143533045
